<?xml version='1.0' encoding='iso-8859-1'?>
<tree id="0">
	<item text="Books" id="books" im0="books_close.gif" im1="tombs.gif" im2="tombs.gif" call="1" select="1" checked="1">
		<item text="Horror" id="horror" im0="folderClosed.gif" im1="folderOpen.gif" im2="folderClosed.gif">
			<item text="Stephen King" id="sk" im0="folderClosed.gif" im1="folderOpen.gif" im2="folderClosed.gif"></item>
			<item text="Dan Brown" id="db" im0="folderClosed.gif" im1="folderOpen.gif" im2="folderClosed.gif">
				<item text="Angels &amp; Demons" id="db_1" im0="book_titel.gif" im1="book_titel.gif" im2="book_titel.gif"/>
				<item text="Deception Point" id="db_2" im0="book_titel.gif" im1="book_titel.gif" im2="book_titel.gif"/>
				<item text="Digital Fortress" id="db_3" im0="book_titel.gif" im1="book_titel.gif" im2="book_titel.gif"/>
				<item text="The Da Vinci Code" id="db_4" im0="book_titel.gif" im1="book_titel.gif" im2="book_titel.gif"/>
				<item text="Deception Point" id="db_5" im0="book_titel.gif" im1="book_titel.gif" im2="book_titel.gif"/>
			</item>
			<item text="Mary Janice Davidson" id="mjd" im0="folderClosed.gif" im1="folderOpen.gif" im2="folderClosed.gif" checked="-1"></item>
			<item text="Katie Macalister" id="km" im0="folderClosed.gif" im1="folderOpen.gif" im2="folderClosed.gif" checked="1"></item>
		</item>
		<item text="Science Fiction &amp; Fantasy" id="fantasy" im0="folderClosed.gif" im1="folderOpen.gif" im2="folderClosed.gif">
			<item text="Audrey Niffenegger" id="af" im0="folderClosed.gif" im1="folderOpen.gif" im2="folderClosed.gif"></item>
			<item text="Philip Roth" id="pr" im0="folderClosed.gif" im1="folderOpen.gif" im2="folderClosed.gif" checked=""></item>
		</item>
	</item>
	<item text="Checkboxes" id="checks" im0="folderClosed.gif" im1="folderOpen.gif" im2="folderClosed.gif" open="1" checked="-1">
	<item text="checked= 0" id="check0" im0="folderClosed.gif" im1="folderOpen.gif" im2="folderClosed.gif" checked="0">
	</item>
	<item text="checked=-1" id="checkM1" im0="folderClosed.gif" im1="folderOpen.gif" im2="folderClosed.gif" checked="-1">
	</item>
	<item text="checked= 1" id="check1" im0="folderClosed.gif" im1="folderOpen.gif" im2="folderClosed.gif" checked="1">
	</item>
	</item>
</tree>
