<?xml version='1.0' encoding='iso-8859-1'?>
<tree id="0">
	<item text="Books Lorem ipsum dolor sit amet, consectetur adipisicing elit, sed do eiusmod tempor incididunt ut labore et dolore magna aliqua. " id="books" open="1" im0="folderClosed.gif" im1="folderOpen.gif" im2="folderClosed.gif" call="1" select="1">
		<item text="Mystery &amp; Thrillers Lorem ipsum dolor sit amet, consectetur adipisicing elit, sed do eiusmod tempor incididunt ut labore et dolore magna aliqua." id="mystery" im0="folderClosed.gif" im1="folderOpen.gif" im2="folderClosed.gif">
			<item text="Lawrence Block Lorem ipsum dolor sit amet, consectetur adipisicing elit, sed do eiusmod tempor incididunt ut labore et dolore magna aliqua." id="lb" im0="folderClosed.gif" im1="folderOpen.gif" im2="folderClosed.gif">
				<item text="All the Flowers Are Dying Lorem ipsum dolor sit amet, consectetur adipisicing elit, sed do eiusmod tempor incididunt ut labore et dolore magna aliqua." id="lb_1" im0="book_titel.gif" im1="book_titel.gif" im2="book_titel.gif"/>
				<item text="The Burglar on the Prowl Lorem ipsum dolor sit amet, consectetur adipisicing elit, sed do eiusmod tempor incididunt ut labore et dolore magna aliqua." id="lb_2" im0="book_titel.gif" im1="book_titel.gif" im2="book_titel.gif"/>
				<item text="The Plot Thickens Lorem ipsum dolor sit amet, consectetur adipisicing elit, sed do eiusmod tempor incididunt ut labore et dolore magna aliqua." id="lb_3" im0="book_titel.gif" im1="book_titel.gif" im2="book_titel.gif"/>
				<item text="Grifter's Game Lorem ipsum dolor sit amet, consectetur adipisicing elit, sed do eiusmod tempor incididunt ut labore et dolore magna aliqua." id="lb_4" im0="book_titel.gif" im1="book_titel.gif" im2="book_titel.gif"/>
				<item text="The Burglar Who Thought He Was Bogart Lorem ipsum dolor sit amet, consectetur adipisicing elit, sed do eiusmod tempor incididunt ut labore et dolore magna aliqua." id="lb_5" im0="book_titel.gif" im1="book_titel.gif" im2="book_titel.gif"/>
			</item>
			<item text="Robert Crais Lorem ipsum dolor sit amet, consectetur adipisicing elit, sed do eiusmod tempor incididunt ut labore et dolore magna aliqua." id="rc" im0="folderClosed.gif" im1="folderOpen.gif" im2="folderClosed.gif">
				<item text="The Forgotten Man Lorem ipsum dolor sit amet, consectetur adipisicing elit, sed do eiusmod tempor incididunt ut labore et dolore magna aliqua." id="rc_1" im0="book_titel.gif" im1="book_titel.gif" im2="book_titel.gif"/>
				<item text="Stalking the Angel Lorem ipsum dolor sit amet, consectetur adipisicing elit, sed do eiusmod tempor incididunt ut labore et dolore magna aliqua." id="rc_2" im0="book_titel.gif" im1="book_titel.gif" im2="book_titel.gif"/>
				<item text="Free Fall Lorem ipsum dolor sit amet, consectetur adipisicing elit, sed do eiusmod tempor incididunt ut labore et dolore magna aliqua." id="rc_3" im0="book_titel.gif" im1="book_titel.gif" im2="book_titel.gif"/>
				<item text="Sunset Express Lorem ipsum dolor sit amet, consectetur adipisicing elit, sed do eiusmod tempor incididunt ut labore et dolore magna aliqua." id="rc_4" im0="book_titel.gif" im1="book_titel.gif" im2="book_titel.gif"/>
				<item text="Hostage Lorem ipsum dolor sit amet, consectetur adipisicing elit, sed do eiusmod tempor incididunt ut labore et dolore magna aliqua." id="rc_5" im0="book_titel.gif" im1="book_titel.gif" im2="book_titel.gif"/>
			</item>
			<item text="Ian Rankin Lorem ipsum dolor sit amet, consectetur adipisicing elit, sed do eiusmod tempor incididunt ut labore et dolore magna aliqua." id="ir" im0="folderClosed.gif" im1="folderOpen.gif" im2="folderClosed.gif"></item>
			<item text="James Patterson Lorem ipsum dolor sit amet, consectetur adipisicing elit, sed do eiusmod tempor incididunt ut labore et dolore magna aliqua." id="jp" im0="folderClosed.gif" im1="folderOpen.gif" im2="folderClosed.gif"></item>
			<item text="Nancy Atherton Lorem ipsum dolor sit amet, consectetur adipisicing elit, sed do eiusmod tempor incididunt ut labore et dolore magna aliqua." id="na" im0="folderClosed.gif" im1="folderOpen.gif" im2="folderClosed.gif"></item>
		</item>
		<item text="History Lorem ipsum dolor sit amet, consectetur adipisicing elit, sed do eiusmod tempor incididunt ut labore et dolore magna aliqua." id="history" im0="folderClosed.gif" im1="folderOpen.gif" im2="folderClosed.gif">
			<item text="John Mack Faragher Lorem ipsum dolor sit amet, consectetur adipisicing elit, sed do eiusmod tempor incididunt ut labore et dolore magna aliqua." id="jmf" im0="book.gif" im1="books_open.gif" im2="book.gif"></item>
			<item text="Jim Dwyer Lorem ipsum dolor sit amet, consectetur adipisicing elit, sed do eiusmod tempor incididunt ut labore et dolore magna aliqua." id="jd" im0="book.gif" im1="books_open.gif" im2="book.gif"></item>
			<item text="Larry Schweikart Lorem ipsum dolor sit amet, consectetur adipisicing elit, sed do eiusmod tempor incididunt ut labore et dolore magna aliqua." id="ls" im0="book.gif" im1="books_open.gif" im2="book.gif"></item>
			<item text="R. Lee Ermey Lorem ipsum dolor sit amet, consectetur adipisicing elit, sed do eiusmod tempor incididunt ut labore et dolore magna aliqua." id="rle" im0="book.gif" im1="books_open.gif" im2="book.gif"></item>
		</item>
		<item text="Horror Lorem ipsum dolor sit amet, consectetur adipisicing elit, sed do eiusmod tempor incididunt ut labore et dolore magna aliqua." id="horror" open="1" im0="folderClosed.gif" im1="folderOpen.gif" im2="folderClosed.gif">
			<item text="Stephen King Lorem ipsum dolor sit amet, consectetur adipisicing elit, sed do eiusmod tempor incididunt ut labore et dolore magna aliqua." id="sk" im0="folderClosed.gif" im1="folderOpen.gif" im2="folderClosed.gif"></item>
			<item text="Dan Brown Lorem ipsum dolor sit amet, consectetur adipisicing elit, sed do eiusmod tempor incididunt ut labore et dolore magna aliqua." id="db" im0="folderClosed.gif" im1="folderOpen.gif" im2="folderClosed.gif">
				<item text="Angels &amp; Demons Lorem ipsum dolor sit amet, consectetur adipisicing elit, sed do eiusmod tempor incididunt ut labore et dolore magna aliqua." id="db_1" im0="book_titel.gif" im1="book_titel.gif" im2="book_titel.gif"/>
				<item text="Deception Point Lorem ipsum dolor sit amet, consectetur adipisicing elit, sed do eiusmod tempor incididunt ut labore et dolore magna aliqua." id="db_2" im0="book_titel.gif" im1="book_titel.gif" im2="book_titel.gif"/>
				<item text="Digital Fortress Lorem ipsum dolor sit amet, consectetur adipisicing elit, sed do eiusmod tempor incididunt ut labore et dolore magna aliqua." id="db_3" im0="book_titel.gif" im1="book_titel.gif" im2="book_titel.gif"/>
				<item text="The Da Vinci Code Lorem ipsum dolor sit amet, consectetur adipisicing elit, sed do eiusmod tempor incididunt ut labore et dolore magna aliqua." id="db_4" im0="book_titel.gif" im1="book_titel.gif" im2="book_titel.gif"/>
				<item text="Deception Point Lorem ipsum dolor sit amet, consectetur adipisicing elit, sed do eiusmod tempor incididunt ut labore et dolore magna aliqua." id="db_5" im0="book_titel.gif" im1="book_titel.gif" im2="book_titel.gif"/>
			</item>
			<item text="Mary Janice Davidson Lorem ipsum dolor sit amet, consectetur adipisicing elit, sed do eiusmod tempor incididunt ut labore et dolore magna aliqua." id="mjd" im0="folderClosed.gif" im1="folderOpen.gif" im2="folderClosed.gif"></item>
			<item text="Katie Macalister Lorem ipsum dolor sit amet, consectetur adipisicing elit, sed do eiusmod tempor incididunt ut labore et dolore magna aliqua." id="km" im0="folderClosed.gif" im1="folderOpen.gif" im2="folderClosed.gif"></item>
		</item>
		<item text="Science Fiction &amp; Fantasy Lorem ipsum dolor sit amet, consectetur adipisicing elit, sed do eiusmod tempor incididunt ut labore et dolore magna aliqua." id="fantasy" im0="folderClosed.gif" im1="folderOpen.gif" im2="folderClosed.gif">
			<item text="Audrey Niffenegger Lorem ipsum dolor sit amet, consectetur adipisicing elit, sed do eiusmod tempor incididunt ut labore et dolore magna aliqua." id="af" im0="folderClosed.gif" im1="folderOpen.gif" im2="folderClosed.gif"></item>
			<item text="Philip Roth Lorem ipsum dolor sit amet, consectetur adipisicing elit, sed do eiusmod tempor incididunt ut labore et dolore magna aliqua." id="pr" im0="folderClosed.gif" im1="folderOpen.gif" im2="folderClosed.gif"></item>
		</item>
		<item text="Sport Lorem ipsum dolor sit amet, consectetur adipisicing elit, sed do eiusmod tempor incididunt ut labore et dolore magna aliqua." id="sport" im0="folderClosed.gif" im1="folderOpen.gif" im2="folderClosed.gif">
			<item text="Bill Reynolds Lorem ipsum dolor sit amet, consectetur adipisicing elit, sed do eiusmod tempor incididunt ut labore et dolore magna aliqua." id="br" im0="folderClosed.gif" im1="folderOpen.gif" im2="folderClosed.gif"></item>
		</item>
		<item text="Teens Lorem ipsum dolor sit amet, consectetur adipisicing elit, sed do eiusmod tempor incididunt ut labore et dolore magna aliqua." id="teens" im0="folderClosed.gif" im1="folderOpen.gif" im2="folderClosed.gif">
			<item text="Joss Whedon Lorem ipsum dolor sit amet, consectetur adipisicing elit, sed do eiusmod tempor incididunt ut labore et dolore magna aliqua." id="jw" im0="folderClosed.gif" im1="folderOpen.gif" im2="folderClosed.gif">
				<item text="Astonishing X-Men Lorem ipsum dolor sit amet, consectetur adipisicing elit, sed do eiusmod tempor incididunt ut labore et dolore magna aliqua." id="jw_1" im0="book_titel.gif" im1="book_titel.gif" im2="book_titel.gif"/>
				<item text="Joss Whedon: The Genius Behind Buffy Lorem ipsum dolor sit amet, consectetur adipisicing elit, sed do eiusmod tempor incididunt ut labore et dolore magna aliqua." id="jw_2" im0="book_titel.gif" im1="book_titel.gif" im2="book_titel.gif"/>
				<item text="Fray Lorem ipsum dolor sit amet, consectetur adipisicing elit, sed do eiusmod tempor incididunt ut labore et dolore magna aliqua." id="jw_3" im0="book_titel.gif" im1="book_titel.gif" im2="book_titel.gif"/>
				<item text="Tales Of The Vampires Lorem ipsum dolor sit amet, consectetur adipisicing elit, sed do eiusmod tempor incididunt ut labore et dolore magna aliqua." id="jw_4" im0="book_titel.gif" im1="book_titel.gif" im2="book_titel.gif"/>
				<item text="The Harvest Lorem ipsum dolor sit amet, consectetur adipisicing elit, sed do eiusmod tempor incididunt ut labore et dolore magna aliqua." id="jw_5" im0="book_titel.gif" im1="book_titel.gif" im2="book_titel.gif"/>
			</item>
			<item text="Meg Cabot Lorem ipsum dolor sit amet, consectetur adipisicing elit, sed do eiusmod tempor incididunt ut labore et dolore magna aliqua." id="mc" im0="folderClosed.gif" im1="folderOpen.gif" im2="folderClosed.gif"></item>
			<item text="Garth Nix Lorem ipsum dolor sit amet, consectetur adipisicing elit, sed do eiusmod tempor incididunt ut labore et dolore magna aliqua." id="gn" im0="folderClosed.gif" im1="folderOpen.gif" im2="folderClosed.gif"></item>
			<item text="Ann Brashares Lorem ipsum dolor sit amet, consectetur adipisicing elit, sed do eiusmod tempor incididunt ut labore et dolore magna aliqua." id="ab" im0="folderClosed.gif" im1="folderOpen.gif" im2="folderClosed.gif"></item>
		</item>
	</item>
	<item text="Magazines Lorem ipsum dolor sit amet, consectetur adipisicing elit, sed do eiusmod tempor incididunt ut labore et dolore magna aliqua." id="magazines" im0="folderClosed.gif" im1="folderOpen.gif" im2="folderClosed.gif">
		<item text="Sport Lorem ipsum dolor sit amet, consectetur adipisicing elit, sed do eiusmod tempor incididunt ut labore et dolore magna aliqua." id="mag_sp" im0="folderClosed.gif" im1="folderOpen.gif" im2="folderClosed.gif"></item>
	</item>
</tree> 
